condition,label_id,label,support,f1_mean,f1_std,precision_mean,recall_mean
E0,0,آبل باي أو جوجل باي,42.0,0.8942001606844289,0.010520729949008358,0.8840397328769422,0.9047619047619048
E0,1,إرجاع الدفع بالبطاقة؟,46.0,0.6167817535049174,0.03585664816179828,0.5599000760291083,0.7028985507246377
E0,2,إعادة الشحن عن طريق رسوم التحويل المصرفي,53.0,0.736016928055763,0.019186774117901546,0.7636851620080657,0.710691823899371
E0,3,إلغاء التحويل,40.0,0.8745224801645607,0.006107731322605495,0.8504983388704318,0.9
E0,4,ابتلاع البطاقة,40.0,0.7757401846290736,0.060929891269456804,0.8158844025415043,0.7416666666666667
E0,5,استرداد الأموال غير مرئي,40.0,0.6970129709855737,0.054712789261651164,0.7522602816720463,0.65
E0,6,البطاقات والعملات المدعومة,43.0,0.7444303663815859,0.033584521129887385,0.7840288252052958,0.7131782945736433
E0,7,البطاقة الافتراضية لا تعمل,44.0,0.6118537746052347,0.013708441966888382,0.8535785953177258,0.4772727272727273
E0,8,البطاقة المفقودة أو المسروقة,53.0,0.6873563280463855,0.07461010689795237,0.8325563325563325,0.5911949685534591
E0,9,البطاقة لا تعمل,40.0,0.6621148459383753,0.046508037498500895,0.5406058171631031,0.8583333333333334
E0,10,التحقق من مصدر الأموال,48.0,0.8842520096043428,0.031225928424971773,0.8759259259259259,0.8958333333333334
E0,11,التعبئة عن طريق البطاقة,48.0,0.4972626351936697,0.045594432163113124,0.45751633986928103,0.5486111111111112
E0,12,التعبئة عن طريق شحن البطاقة,42.0,0.817675398976212,0.014441710807732575,0.8348290598290599,0.8015873015873015
E0,13,الحصول على بطاقة احتياطية,40.0,0.7387806637806639,0.06495853952790868,0.7075757575757575,0.775
E0,14,الحصول على بطاقة افتراضية,46.0,0.6357029550769432,0.026419093092132088,0.558531746031746,0.7391304347826088
E0,15,الحصول على بطاقة افتراضية يمكن التخلص منها,54.0,0.41738114046073127,0.10512559369782086,0.6818713450292399,0.3024691358024691
E0,16,الحصول على بطاقة فعلية,40.0,0.8165071524132963,0.011051471654756643,0.816849816849817,0.8166666666666668
E0,17,الدفع المباشر للدين غير معروف,51.0,0.7052021357742181,0.051242648989581835,0.7590426414468227,0.6601307189542484
E0,18,الدفع بالبطاقة المعلق,53.0,0.6788766788766788,0.02114836150877754,0.7990340401601111,0.5911949685534591
E0,19,الدفع بالبطاقة غير معترف به,40.0,0.5217772498444483,0.019030645884868864,0.5507696368536579,0.5
E0,20,السحب النقدي غير معترف به,41.0,0.7059026291356488,0.015165859775717971,0.6513364779874213,0.7723577235772358
E0,21,الصرف عبر التطبيق,40.0,0.7866621682411156,0.03534038668015671,0.8084795321637427,0.7666666666666666
E0,22,المستفيد غير مسموح به,51.0,0.6909211478176996,0.03148313726420586,0.670125786163522,0.7189542483660131
E0,23,الهاتف المفقود أو المسروق,41.0,0.8409694462822017,0.028299278355395502,0.7769566736547868,0.91869918699187
E0,24,انتظار التحويل,42.0,0.5269399754474381,0.02964094351778318,0.6139348370927319,0.4682539682539682
E0,25,انهاء حساب,67.0,0.8540196055347571,0.024688085490309822,0.8941539578794481,0.8208955223880597
E0,26,بطاقة على وشك الانتهاء,42.0,0.8628379655889583,0.014174143081641478,0.878548644338118,0.8492063492063492
E0,27,بطاقة مخترقة,40.0,0.6574860574860575,0.009013910537668151,0.7408496732026144,0.5916666666666667
E0,28,تحرير التفاصيل الشخصية,45.0,0.876387206703733,0.015028786961126493,0.8386329982074662,0.9185185185185185
E0,29,تحصيل رسوم التحويل,40.0,0.6863224025242282,0.026929392022593056,0.6236941348643477,0.7666666666666666
E0,30,تحقق من تعبئة الرصيد,44.0,0.8950296397628819,0.03040548661611858,0.9202477739063105,0.8712121212121212
E0,31,تحقق من هويتي,40.0,0.7570987654320988,0.017181685999650406,0.7289024390243902,0.7916666666666666
E0,32,تعبئة الرصيد نقدًا أو بشيك,62.0,0.5902741156450627,0.029272273801777753,0.7461546912766425,0.489247311827957
E0,33,تعبئة تلقائية,61.0,0.847109563428349,0.0072983709593926645,0.8334800853541483,0.8633879781420766
E0,34,تغيير رمز التعريف الشخصي,50.0,0.8946994050918228,0.030235811577788124,0.9409748366786425,0.8533333333333334
E0,35,تفعيل بطاقتي,44.0,0.755191840123347,0.043867969986640686,0.9143605128032269,0.6439393939393939
E0,36,تقدير تسليم البطاقة,42.0,0.7186068480691635,0.015003628510890642,0.6820935342121782,0.7698412698412698
E0,37,تلقي الأموال,53.0,0.8006476678836285,0.02991978772645884,0.7685289809583594,0.8364779874213837
E0,38,تلقي مبلغ خاطئ من النقد,52.0,0.813921263921264,0.09201179041480602,0.7900072740498273,0.8589743589743589
E0,39,تم التحصيل مرتين,53.0,0.885845558362511,0.014992161424358276,0.8513929618768329,0.9245283018867925
E0,40,تم تحصيل رسوم الدفع بالبطاقة,62.0,0.7567174760723149,0.013238312948019916,0.7200084334809193,0.8010752688172044
E0,41,تم رفض الدفع بالبطاقة,40.0,0.5826547043938348,0.04451754109127363,0.7207063135099117,0.4916666666666667
E0,42,توقيت التحويل,40.0,0.7021978021978023,0.02206028560426893,0.6127450980392157,0.8250000000000001
E0,43,حد السن,45.0,0.9171588510163904,0.021211296037117598,0.8950266508083344,0.9407407407407407
E0,44,حدود البطاقة التي يمكن التخلص منها,48.0,0.7935055482503981,0.0099817192855888,0.7637920297399182,0.826388888888889
E0,45,حدود التعبئة,53.0,0.835999383572199,0.019502123430278274,0.8553846153846153,0.8176100628930817
E0,46,دعم أجهزة الصراف الآلي,41.0,0.8610242243453042,0.02570083056285048,0.8249896901142925,0.9024390243902439
E0,47,دعم البلد,40.0,0.924976844705156,0.012759480283897284,0.9255189255189257,0.9249999999999999
E0,48,دعم العملات الورقية,45.0,0.7008599056980739,0.0353875437278934,0.6763914946841777,0.7333333333333334
E0,49,ربط البطاقة,54.0,0.8323500491642085,0.000851549069601278,0.7835986988529361,0.888888888888889
E0,50,رسوم إضافية على كشف الحساب,40.0,0.7430665705359288,0.04483028510836428,0.7838383838383839,0.7083333333333334
E0,51,رسوم السحب النقدي,43.0,0.7197965803758996,0.018209289613645045,0.7143650793650794,0.7286821705426356
E0,52,رسوم الصرف,44.0,0.6662189990151312,0.01894030992901364,0.8786261631089216,0.537878787878788
E0,53,رفض التحويل,45.0,0.6556218905472636,0.03898961521103528,0.8515151515151516,0.5407407407407407
E0,54,رفض السحب النقدي,47.0,0.7766924866643968,0.008560688977655625,0.8059012222775289,0.75177304964539
E0,55,رمز التعريف الشخصي محظور,40.0,0.7386070280807123,0.01733478391250334,0.8046023965141612,0.6833333333333332
E0,56,سعر الصرف,40.0,0.8548199767711963,0.02447306330511672,0.8282828282828283,0.8833333333333333
E0,57,سعر الصرف الخاطئ للدفع بالبطاقة,56.0,0.805177784939306,0.015333537793607273,0.8147421931735658,0.7976190476190476
E0,58,سعر صرف خاطئ للسحب النقدي,42.0,0.7388027666994201,0.050401541265735365,0.8309247664086374,0.6666666666666666
E0,59,طلب استرداد,40.0,0.7189464628416385,0.06703448114226979,0.8331591779867642,0.6333333333333333
E0,60,طلب بطاقة فعلية,56.0,0.6766109690834101,0.10065594816399388,0.5869592989267559,0.8095238095238096
E0,61,عادت تعبئة الرصيد,42.0,0.6043299176210568,0.04705497871149603,0.5839444887063935,0.6349206349206349
E0,62,عدم التلامس لا يعمل,47.0,0.8510447857303841,0.043650663242628875,0.947095779990517,0.7730496453900709
E0,63,غير قادر على التحقق من الهوية,41.0,0.7531736614663443,0.005644853475666549,0.8093706070750547,0.7073170731707318
E0,64,فشل التحويل,57.0,0.5681584914667622,0.044218271721331796,0.7523494825591531,0.4619883040935672
E0,65,فشل التعبئة,48.0,0.6466916354556803,0.034597768940202264,0.7380307136404697,0.576388888888889
E0,66,في انتظار التعبئة,65.0,0.6629979831734217,0.030158813363486654,0.5691619034685136,0.7948717948717948
E0,67,في انتظار السحب النقدي,70.0,0.8204116127070984,0.003927909838620228,0.8913542201677794,0.7619047619047619
E0,68,فيزا أو ماستر كارد,41.0,0.8863663023064858,0.0241542412888576,0.8867305458768874,0.8861788617886179
E0,69,قبول البطاقة,40.0,0.7531806881204471,0.023562192381060568,0.7305803477896502,0.7833333333333333
E0,70,لم يتم تحديث الرصيد بعد التحويل المصرفي,48.0,0.5865769924954879,0.03903920416804087,0.4880402970652769,0.7361111111111112
E0,71,لم يتم تحديث الرصيد بعد الشيك أو الإيداع النقدي,40.0,0.7280701754385964,0.03798357034142278,0.8032407407407408,0.6666666666666666
E0,72,لم يستلم المستلم التحويل,46.0,0.6620061280438638,0.029520898052099454,0.5725121673397536,0.7898550724637682
E0,73,لماذا التحقق من الهوية,41.0,0.6271296975625663,0.03557661834582656,0.587849997774259,0.6747967479674797
E0,74,نسيان رمز المرور,40.0,0.8536750533937595,0.012270610503170716,0.8576193454242235,0.85
E0,75,نقل إلى الحساب,59.0,0.7668243760301389,0.022922062289954883,0.7059457450761798,0.8418079096045198
E0,76,وصول البطاقة,41.0,0.6639002614314605,0.034974873840172484,0.5724382728900362,0.8048780487804877
E1,0,آبل باي أو جوجل باي,42.0,0.8667647728719602,0.028808756822641828,0.840797890972107,0.8968253968253969
E1,1,إرجاع الدفع بالبطاقة؟,46.0,0.5797924016976018,0.009257822784132867,0.47958152958152955,0.7391304347826088
E1,2,إعادة الشحن عن طريق رسوم التحويل المصرفي,53.0,0.6720046509169705,0.04043665525027465,0.6510386887745377,0.6981132075471698
E1,3,إلغاء التحويل,40.0,0.850108225108225,0.0290549648455818,0.8143939393939394,0.8916666666666666
E1,4,ابتلاع البطاقة,40.0,0.7397787397787399,0.033542671229651114,0.8771367521367521,0.6416666666666666
E1,5,استرداد الأموال غير مرئي,40.0,0.7342060394495488,0.03635057057779134,0.8043760940235058,0.6833333333333332
E1,6,البطاقات والعملات المدعومة,43.0,0.7365212647358809,0.0374618013316879,0.6895008003201281,0.7906976744186046
E1,7,البطاقة الافتراضية لا تعمل,44.0,0.5561478322672352,0.05028021159736998,0.9181445461479787,0.40151515151515155
E1,8,البطاقة المفقودة أو المسروقة,53.0,0.6842965576397093,0.042952470560267755,0.7713893319156476,0.6163522012578616
E1,9,البطاقة لا تعمل,40.0,0.6661573048142082,0.052684078690885996,0.5521908003840447,0.8416666666666667
E1,10,التحقق من مصدر الأموال,48.0,0.8664202697186205,0.014530620325160193,0.9293471386494643,0.8125
E1,11,التعبئة عن طريق البطاقة,48.0,0.43854649366697557,0.06182757832411321,0.49613095238095234,0.40277777777777785
E1,12,التعبئة عن طريق شحن البطاقة,42.0,0.8093306482546989,0.021507298485448467,0.8296225287071969,0.7936507936507936
E1,13,الحصول على بطاقة احتياطية,40.0,0.7092214155118873,0.01959010600260495,0.613505400228564,0.8416666666666667
E1,14,الحصول على بطاقة افتراضية,46.0,0.6685386884501928,0.08873487265394751,0.6180686605287738,0.7391304347826088
E1,15,الحصول على بطاقة افتراضية يمكن التخلص منها,54.0,0.39421529789052007,0.18187957903881435,0.6354201354201354,0.3024691358024691
E1,16,الحصول على بطاقة فعلية,40.0,0.8310178038489245,0.021818646920332627,0.8211233211233212,0.8416666666666667
E1,17,الدفع المباشر للدين غير معروف,51.0,0.6986111111111111,0.031273139581104725,0.7658730158730158,0.6470588235294118
E1,18,الدفع بالبطاقة المعلق,53.0,0.6830128106723851,0.0033474620923745805,0.7784692377816227,0.610062893081761
E1,19,الدفع بالبطاقة غير معترف به,40.0,0.5034411363525287,0.07187577818750307,0.5262049379696438,0.48333333333333334
E1,20,السحب النقدي غير معترف به,41.0,0.676398321071496,0.03200846180338785,0.5969481136147802,0.7804878048780489
E1,21,الصرف عبر التطبيق,40.0,0.7594851165387994,0.03650035976392838,0.7410075711927903,0.7833333333333333
E1,22,المستفيد غير مسموح به,51.0,0.6758984454895592,0.016818616465333548,0.6746979701638542,0.6797385620915032
E1,23,الهاتف المفقود أو المسروق,41.0,0.8225423153402202,0.01602932726255008,0.8039664378337147,0.8455284552845529
E1,24,انتظار التحويل,42.0,0.5708150225962287,0.03684048161093541,0.7502244668911335,0.4682539682539682
E1,25,انهاء حساب,67.0,0.8364579427571553,0.0193131196023515,0.8449127736798969,0.8308457711442786
E1,26,بطاقة على وشك الانتهاء,42.0,0.8526061057334325,0.0072125537018274165,0.8836216877832546,0.8253968253968255
E1,27,بطاقة مخترقة,40.0,0.5942890417440041,0.009300009741461288,0.623736058238162,0.5750000000000001
E1,28,تحرير التفاصيل الشخصية,45.0,0.8787524366471735,0.013706351525338709,0.8496296296296295,0.9111111111111111
E1,29,تحصيل رسوم التحويل,40.0,0.6383234085768361,0.015658807407547732,0.599373247567211,0.6833333333333332
E1,30,تحقق من تعبئة الرصيد,44.0,0.8717311401150205,0.06876605898807218,0.938653078187962,0.8181818181818182
E1,31,تحقق من هويتي,40.0,0.7773533157018319,0.005429094508982662,0.7559985234403839,0.8000000000000002
E1,32,تعبئة الرصيد نقدًا أو بشيك,62.0,0.7246489677406008,0.022516371789546255,0.7141685635236321,0.7365591397849464
E1,33,تعبئة تلقائية,61.0,0.8180605052664923,0.030081453633463408,0.840521544050302,0.7978142076502732
E1,34,تغيير رمز التعريف الشخصي,50.0,0.8959697353349009,0.026590900661420037,0.9352314386541954,0.86
E1,35,تفعيل بطاقتي,44.0,0.7419777854403727,0.04016811917201005,0.9439224137931035,0.6136363636363636
E1,36,تقدير تسليم البطاقة,42.0,0.6910341789097317,0.028851057270234265,0.7019604970824483,0.6825396825396824
E1,37,تلقي الأموال,53.0,0.8039920798748876,0.027584157200714457,0.7725694444444445,0.8427672955974842
E1,38,تلقي مبلغ خاطئ من النقد,52.0,0.8002541337351303,0.05063454755884358,0.7543462796983924,0.8589743589743589
E1,39,تم التحصيل مرتين,53.0,0.8718076928603246,0.016746598068460437,0.8301713394093865,0.9182389937106917
E1,40,تم تحصيل رسوم الدفع بالبطاقة,62.0,0.7355360321561872,0.014324660518433285,0.7062523866858359,0.7688172043010754
E1,41,تم رفض الدفع بالبطاقة,40.0,0.5882217621348056,0.04356216412333959,0.6834291187739464,0.5166666666666667
E1,42,توقيت التحويل,40.0,0.680119909336843,0.03621894647691001,0.5828460038986355,0.8166666666666668
E1,43,حد السن,45.0,0.9000925069380203,0.011215870169271233,0.8693009118541033,0.9333333333333332
E1,44,حدود البطاقة التي يمكن التخلص منها,48.0,0.78411306042885,0.052397410626665225,0.7890493076663289,0.7847222222222222
E1,45,حدود التعبئة,53.0,0.8225583710697885,0.01849922653346429,0.8448372615039282,0.8050314465408804
E1,46,دعم أجهزة الصراف الآلي,41.0,0.8834964185729102,0.025938900404708084,0.8525806848977581,0.91869918699187
E1,47,دعم البلد,40.0,0.9086354638745636,0.03892713414504912,0.9091254951011049,0.9083333333333333
E1,48,دعم العملات الورقية,45.0,0.7020849606441146,0.02295148532332226,0.7245771670190275,0.6814814814814815
E1,49,ربط البطاقة,54.0,0.8016707711622967,0.04312732622577381,0.7241715399610137,0.9012345679012346
E1,50,رسوم إضافية على كشف الحساب,40.0,0.731990231990232,0.015576740930614261,0.7165071770334928,0.75
E1,51,رسوم السحب النقدي,43.0,0.6948051948051948,0.030534060562047376,0.692506364457584,0.6976744186046512
E1,52,رسوم الصرف,44.0,0.7018759018759019,0.045496441902311266,0.9072882672882674,0.5757575757575757
E1,53,رفض التحويل,45.0,0.6117438117438118,0.06093834519643697,0.8882936507936509,0.47407407407407404
E1,54,رفض السحب النقدي,47.0,0.7451457178616128,0.031095043220520598,0.8079709048354066,0.6950354609929078
E1,55,رمز التعريف الشخصي محظور,40.0,0.7446198830409356,0.03174727715975945,0.8074404761904762,0.6916666666666668
E1,56,سعر الصرف,40.0,0.8642853558165212,0.010671002768541958,0.8539972899728997,0.875
E1,57,سعر الصرف الخاطئ للدفع بالبطاقة,56.0,0.8014747343309478,0.009197754862061001,0.8138271604938271,0.7916666666666666
E1,58,سعر صرف خاطئ للسحب النقدي,42.0,0.719209511529218,0.0885798355451999,0.8061677061677063,0.6587301587301587
E1,59,طلب استرداد,40.0,0.7696725809401865,0.03643197231153008,0.8588491717523975,0.7000000000000001
E1,60,طلب بطاقة فعلية,56.0,0.6707833865332038,0.04842780742208009,0.5865910898590637,0.7857142857142857
E1,61,عادت تعبئة الرصيد,42.0,0.586442364220142,0.03433236898666843,0.5888714460143032,0.5873015873015873
E1,62,عدم التلامس لا يعمل,47.0,0.8724723293122746,0.013051654812498531,0.9578738904797955,0.8014184397163121
E1,63,غير قادر على التحقق من الهوية,41.0,0.7914671673707819,0.010875976967719343,0.8338001867413632,0.7560975609756099
E1,64,فشل التحويل,57.0,0.5743390523701981,0.04280021971409552,0.7958781362007169,0.45029239766081863
E1,65,فشل التعبئة,48.0,0.5956284778239263,0.035876078000083314,0.6886271351387631,0.5277777777777778
E1,66,في انتظار التعبئة,65.0,0.6685670983369194,0.01957639112289306,0.5775252525252524,0.7948717948717948
E1,67,في انتظار السحب النقدي,70.0,0.8304269226255254,0.0252421267534486,0.934650930079482,0.7476190476190476
E1,68,فيزا أو ماستر كارد,41.0,0.8816621499548329,0.025180415293164254,0.8853658536585366,0.8780487804878049
E1,69,قبول البطاقة,40.0,0.7241830065359478,0.020711427263098995,0.746031746031746,0.7083333333333334
E1,70,لم يتم تحديث الرصيد بعد التحويل المصرفي,48.0,0.5987027465288335,0.02596044916359491,0.5073315562236026,0.7361111111111112
E1,71,لم يتم تحديث الرصيد بعد الشيك أو الإيداع النقدي,40.0,0.73685874327547,0.027843739426036292,0.8479124579124578,0.6583333333333333
E1,72,لم يستلم المستلم التحويل,46.0,0.6358594784759566,0.06996121016274476,0.5303280634287614,0.8043478260869565
E1,73,لماذا التحقق من الهوية,41.0,0.6690414591136683,0.01787174463439392,0.6504550959021836,0.6991869918699187
E1,74,نسيان رمز المرور,40.0,0.8633133466577837,0.004423403128368178,0.8867521367521367,0.8416666666666667
E1,75,نقل إلى الحساب,59.0,0.7550881953867029,0.015275889076251974,0.6773211567732115,0.8531073446327683
E1,76,وصول البطاقة,41.0,0.6391654252495677,0.009887322172403342,0.5234237080725405,0.8211382113821138
E2,0,آبل باي أو جوجل باي,42.0,0.8719930396400984,0.027712631766890948,0.8563403790906318,0.8888888888888888
E2,1,إرجاع الدفع بالبطاقة؟,46.0,0.6370518751537153,0.03174536322102318,0.5575234134057663,0.7463768115942028
E2,2,إعادة الشحن عن طريق رسوم التحويل المصرفي,53.0,0.676555023923445,0.01935286929775755,0.6458632921100566,0.710691823899371
E2,3,إلغاء التحويل,40.0,0.8485958485958486,0.05362684067398721,0.8150389342339807,0.8916666666666666
E2,4,ابتلاع البطاقة,40.0,0.7427170868347339,0.007353941508585451,0.8677579365079365,0.65
E2,5,استرداد الأموال غير مرئي,40.0,0.7078803478803479,0.03595022606695282,0.7550079491255962,0.6666666666666666
E2,6,البطاقات والعملات المدعومة,43.0,0.7516453735965931,0.05243337551660872,0.7763185324160934,0.7286821705426356
E2,7,البطاقة الافتراضية لا تعمل,44.0,0.5883744157997889,0.03398710654002204,0.8922266139657444,0.43939393939393945
E2,8,البطاقة المفقودة أو المسروقة,53.0,0.6678817271589487,0.0284168314265235,0.7972265551143884,0.5786163522012578
E2,9,البطاقة لا تعمل,40.0,0.6337342028411196,0.04368428276843889,0.5373352700938908,0.775
E2,10,التحقق من مصدر الأموال,48.0,0.8607490986897514,0.052029412745359625,0.9071610413073827,0.8194444444444445
E2,11,التعبئة عن طريق البطاقة,48.0,0.4529213360896529,0.046017331299149845,0.474639185038483,0.4375
E2,12,التعبئة عن طريق شحن البطاقة,42.0,0.8034346312124089,0.04292929191649935,0.8502399160293898,0.7619047619047619
E2,13,الحصول على بطاقة احتياطية,40.0,0.6737938328512701,0.04769425679560828,0.5694747779247457,0.8250000000000001
E2,14,الحصول على بطاقة افتراضية,46.0,0.6397148518117023,0.029775834538696415,0.5791558002511349,0.717391304347826
E2,15,الحصول على بطاقة افتراضية يمكن التخلص منها,54.0,0.3400928974964807,0.0658441085154393,0.6064213564213564,0.2407407407407407
E2,16,الحصول على بطاقة فعلية,40.0,0.8217078189300411,0.030073725223841177,0.8184959349593496,0.8250000000000001
E2,17,الدفع المباشر للدين غير معروف,51.0,0.700100054266721,0.0634623403550548,0.7370857699805068,0.6732026143790849
E2,18,الدفع بالبطاقة المعلق,53.0,0.6789531906431003,0.03329459681235882,0.7783675444052802,0.610062893081761
E2,19,الدفع بالبطاقة غير معترف به,40.0,0.5273900403515486,0.09354966199540542,0.5880441845354126,0.4833333333333334
E2,20,السحب النقدي غير معترف به,41.0,0.706737795560001,0.016811280804501925,0.6524449095877668,0.7723577235772359
E2,21,الصرف عبر التطبيق,40.0,0.7634042083781473,0.012871807127623685,0.7851139601139602,0.75
E2,22,المستفيد غير مسموح به,51.0,0.6517520215633423,0.05534678707841276,0.644767115600449,0.6601307189542484
E2,23,الهاتف المفقود أو المسروق,41.0,0.8404235205142748,0.022923720274120117,0.8283649503161699,0.8536585365853658
E2,24,انتظار التحويل,42.0,0.5360483138260915,0.03945159746242233,0.607081807081807,0.48412698412698413
E2,25,انهاء حساب,67.0,0.8411963900876596,0.019410230616732076,0.8656563283208021,0.8208955223880597
E2,26,بطاقة على وشك الانتهاء,42.0,0.8252216976871694,0.058870833909966946,0.8615272938443671,0.7936507936507936
E2,27,بطاقة مخترقة,40.0,0.590531225880063,0.048453075486283345,0.6019305019305019,0.5833333333333334
E2,28,تحرير التفاصيل الشخصية,45.0,0.8599290780141843,0.026103602596339478,0.8143257302921167,0.9111111111111111
E2,29,تحصيل رسوم التحويل,40.0,0.6435387569373209,0.04115980557621695,0.5744209691018202,0.7333333333333334
E2,30,تحقق من تعبئة الرصيد,44.0,0.9003633581946836,0.0076185061338849515,0.9495726495726496,0.8560606060606061
E2,31,تحقق من هويتي,40.0,0.7806318704595355,0.017026912904847445,0.7631954608698795,0.7999999999999999
E2,32,تعبئة الرصيد نقدًا أو بشيك,62.0,0.6936136624569461,0.020444880050118533,0.6601307189542484,0.7311827956989246
E2,33,تعبئة تلقائية,61.0,0.8305262156247027,0.021472140610923764,0.8451363451363451,0.819672131147541
E2,34,تغيير رمز التعريف الشخصي,50.0,0.8928264604810997,0.025477071733048102,0.9283071230342276,0.86
E2,35,تفعيل بطاقتي,44.0,0.6608796296296297,0.06443132249868885,0.8950076804915513,0.5303030303030304
E2,36,تقدير تسليم البطاقة,42.0,0.6674705550545328,0.041283054511594613,0.6691056910569105,0.6666666666666666
E2,37,تلقي الأموال,53.0,0.7922525503170664,0.035663431469234966,0.7324543854033291,0.8679245283018867
E2,38,تلقي مبلغ خاطئ من النقد,52.0,0.790978460349657,0.06725207447376413,0.7365325495165681,0.8589743589743589
E2,39,تم التحصيل مرتين,53.0,0.8783586217796744,0.004068660333664949,0.8316693973102364,0.930817610062893
E2,40,تم تحصيل رسوم الدفع بالبطاقة,62.0,0.7225536723163842,0.04981903861230502,0.7107244607244607,0.7419354838709676
E2,41,تم رفض الدفع بالبطاقة,40.0,0.5803412274000509,0.04747721435867397,0.6685971685971687,0.5166666666666667
E2,42,توقيت التحويل,40.0,0.7009121105451039,0.012890510661210266,0.5927197355122736,0.8583333333333334
E2,43,حد السن,45.0,0.8914375715922107,0.036562057227241096,0.8548516842634489,0.9333333333333332
E2,44,حدود البطاقة التي يمكن التخلص منها,48.0,0.7922083512699096,0.017397217085184744,0.8113003348852406,0.7777777777777778
E2,45,حدود التعبئة,53.0,0.8222290177735722,0.012481726469204608,0.8625674907644217,0.7861635220125787
E2,46,دعم أجهزة الصراف الآلي,41.0,0.8740641711229946,0.0394174238965844,0.8273694390715667,0.926829268292683
E2,47,دعم البلد,40.0,0.8979223125564589,0.025614176836057535,0.8799845141308555,0.9166666666666666
E2,48,دعم العملات الورقية,45.0,0.6815064430413246,0.041061356489124325,0.6705001419805671,0.7037037037037037
E2,49,ربط البطاقة,54.0,0.8057499038091573,0.03348306577307005,0.7477194369327943,0.8765432098765432
E2,50,رسوم إضافية على كشف الحساب,40.0,0.7336852420145092,0.05298098141203492,0.7496368365933583,0.725
E2,51,رسوم السحب النقدي,43.0,0.687042842215256,0.023429558333102063,0.6847129834934713,0.689922480620155
E2,52,رسوم الصرف,44.0,0.6883151808524942,0.013598041005885712,0.9,0.5606060606060607
E2,53,رفض التحويل,45.0,0.6348120601641729,0.07528472571875347,0.8937223695844385,0.4962962962962963
E2,54,رفض السحب النقدي,47.0,0.7593632958801498,0.02389017007897578,0.7845804988662132,0.7375886524822696
E2,55,رمز التعريف الشخصي محظور,40.0,0.7498682603945762,0.011514988565852018,0.8117933723196882,0.7000000000000001
E2,56,سعر الصرف,40.0,0.8526200724192116,0.005121595390848808,0.8171717171717172,0.8916666666666666
E2,57,سعر الصرف الخاطئ للدفع بالبطاقة,56.0,0.7794646964899462,0.02752968071223358,0.7919011364890213,0.7678571428571428
E2,58,سعر صرف خاطئ للسحب النقدي,42.0,0.7537927530808988,0.02690050828352422,0.8441116638460091,0.6825396825396824
E2,59,طلب استرداد,40.0,0.7587582513429051,0.004809707645291533,0.8237793496414186,0.7083333333333334
E2,60,طلب بطاقة فعلية,56.0,0.6961663470455303,0.05257139370751673,0.6129066020192578,0.8095238095238096
E2,61,عادت تعبئة الرصيد,42.0,0.6202501551817704,0.056133824061568645,0.6945936777664702,0.5714285714285715
E2,62,عدم التلامس لا يعمل,47.0,0.8515275877792977,0.024769795714867284,0.9478182636077372,0.7730496453900709
E2,63,غير قادر على التحقق من الهوية,41.0,0.7818061964403428,0.04519699331950419,0.8440502586844051,0.7317073170731708
E2,64,فشل التحويل,57.0,0.5607713224840228,0.04229918613744811,0.7756140350877193,0.44444444444444436
E2,65,فشل التعبئة,48.0,0.609017094017094,0.01994417477323873,0.7490758685041631,0.5208333333333334
E2,66,في انتظار التعبئة,65.0,0.67802797710449,0.024212655285946256,0.596734777142191,0.7897435897435897
E2,67,في انتظار السحب النقدي,70.0,0.8153672026822133,0.0325110694397324,0.9133488423618035,0.7380952380952381
E2,68,فيزا أو ماستر كارد,41.0,0.8836920133907222,0.01665841378129704,0.87379896526238,0.894308943089431
E2,69,قبول البطاقة,40.0,0.7758784425451092,0.051149982942052134,0.785836542575952,0.7666666666666666
E2,70,لم يتم تحديث الرصيد بعد التحويل المصرفي,48.0,0.6091428571428571,0.06140664060347294,0.5334172869384136,0.7222222222222223
E2,71,لم يتم تحديث الرصيد بعد الشيك أو الإيداع النقدي,40.0,0.7364111705288177,0.009745105266718906,0.8165379665379665,0.6749999999999999
E2,72,لم يستلم المستلم التحويل,46.0,0.6359579003463897,0.08322735736290408,0.5272481508753423,0.8188405797101449
E2,73,لماذا التحقق من الهوية,41.0,0.6548085185725635,0.05101531821450081,0.6250420875420876,0.6991869918699187
E2,74,نسيان رمز المرور,40.0,0.8534155577193552,0.0073031709198981935,0.8848338795707217,0.8250000000000001
E2,75,نقل إلى الحساب,59.0,0.7801643502696134,0.031384094949647404,0.7156159895885924,0.8587570621468927
E2,76,وصول البطاقة,41.0,0.6043729087342794,0.03327651738588072,0.4792808111342024,0.8211382113821138
E3,0,آبل باي أو جوجل باي,42.0,0.8750346115457678,0.005336443306995623,0.8619539805586317,0.8888888888888888
E3,1,إرجاع الدفع بالبطاقة؟,46.0,0.6027162147081798,0.016909858357605785,0.5345493363037223,0.6956521739130435
E3,2,إعادة الشحن عن طريق رسوم التحويل المصرفي,53.0,0.6699613263483983,0.03645436783306245,0.6463103520978284,0.6981132075471698
E3,3,إلغاء التحويل,40.0,0.8529371472409447,0.010572398937121802,0.8202700077700079,0.8916666666666666
E3,4,ابتلاع البطاقة,40.0,0.7120982701774397,0.06429519184376467,0.8768215607296067,0.6
E3,5,استرداد الأموال غير مرئي,40.0,0.7296037296037295,0.012978471708228554,0.7522522522522523,0.7083333333333334
E3,6,البطاقات والعملات المدعومة,43.0,0.747346480679814,0.04968111755423533,0.797705046931053,0.7054263565891473
E3,7,البطاقة الافتراضية لا تعمل,44.0,0.5474124075859853,0.03543575887549933,0.8415032679738562,0.409090909090909
E3,8,البطاقة المفقودة أو المسروقة,53.0,0.6813138605198268,0.021755136645270456,0.7832885984362236,0.6037735849056604
E3,9,البطاقة لا تعمل,40.0,0.6434000476972486,0.015252245076994984,0.5284043441938179,0.8250000000000001
E3,10,التحقق من مصدر الأموال,48.0,0.8710398234091444,0.02105049160042666,0.9299880336465702,0.8194444444444445
E3,11,التعبئة عن طريق البطاقة,48.0,0.4612487100103199,0.010426053801485792,0.610195035460993,0.38888888888888884
E3,12,التعبئة عن طريق شحن البطاقة,42.0,0.8405400434094839,0.03321284749691696,0.867377260981912,0.8174603174603176
E3,13,الحصول على بطاقة احتياطية,40.0,0.7351812073143864,0.0448283724466642,0.6653628117913831,0.8249999999999998
E3,14,الحصول على بطاقة افتراضية,46.0,0.6827064521239278,0.07802116094625187,0.6524788983954138,0.7246376811594203
E3,15,الحصول على بطاقة افتراضية يمكن التخلص منها,54.0,0.3863906142167011,0.19337033140477222,0.6077172096908939,0.2962962962962963
E3,16,الحصول على بطاقة فعلية,40.0,0.8254875047472092,0.019233418253967505,0.8037368316438084,0.85
E3,17,الدفع المباشر للدين غير معروف,51.0,0.7032967032967034,0.021978021978021983,0.7999999999999999,0.6274509803921569
E3,18,الدفع بالبطاقة المعلق,53.0,0.6584789082489645,0.03669639895895837,0.7383959899749373,0.5974842767295597
E3,19,الدفع بالبطاقة غير معترف به,40.0,0.5318150684004342,0.051030396794847416,0.5395922238027501,0.525
E3,20,السحب النقدي غير معترف به,41.0,0.6892784880967756,0.0547500779634231,0.6452744372494604,0.7398373983739838
E3,21,الصرف عبر التطبيق,40.0,0.7290510607559947,0.05700452114733988,0.6879423834311053,0.7833333333333333
E3,22,المستفيد غير مسموح به,51.0,0.6837638306710471,0.007456235385856109,0.6731958023462751,0.6993464052287582
E3,23,الهاتف المفقود أو المسروق,41.0,0.8628000373587373,0.023604839588188053,0.8338624338624339,0.894308943089431
E3,24,انتظار التحويل,42.0,0.570682589860672,0.02664391041827643,0.6292837829340376,0.5238095238095237
E3,25,انهاء حساب,67.0,0.8130950100908239,0.034439799440426244,0.8609453984537615,0.7711442786069652
E3,26,بطاقة على وشك الانتهاء,42.0,0.8295046100953273,0.040627742155447455,0.869022869022869,0.7936507936507936
E3,27,بطاقة مخترقة,40.0,0.581477594135822,0.04408243690140778,0.5972207024838604,0.5666666666666667
E3,28,تحرير التفاصيل الشخصية,45.0,0.8634634971360226,0.013045895201840931,0.8218587671475209,0.9111111111111111
E3,29,تحصيل رسوم التحويل,40.0,0.6613430127041742,0.01569543633943763,0.6120331493450331,0.725
E3,30,تحقق من تعبئة الرصيد,44.0,0.8901925053733296,0.04744464427091991,0.9484337458633664,0.8409090909090908
E3,31,تحقق من هويتي,40.0,0.77100960715588,0.028628214011172673,0.7599683514317661,0.7833333333333333
E3,32,تعبئة الرصيد نقدًا أو بشيك,62.0,0.703965040807146,0.03597935224393271,0.6654752041661736,0.7473118279569894
E3,33,تعبئة تلقائية,61.0,0.8311902461467678,0.018769943772123564,0.8347608024691358,0.8306010928961749
E3,34,تغيير رمز التعريف الشخصي,50.0,0.8874395118872291,0.026642821154263394,0.9092789598108748,0.8666666666666667
E3,35,تفعيل بطاقتي,44.0,0.7330203442879499,0.04000367341167044,0.9123855037833533,0.6136363636363636
E3,36,تقدير تسليم البطاقة,42.0,0.7066431510875955,0.03552536529525287,0.6814931100645386,0.7380952380952381
E3,37,تلقي الأموال,53.0,0.706438158492953,0.06830992690704496,0.6179707628180777,0.8427672955974842
E3,38,تلقي مبلغ خاطئ من النقد,52.0,0.7565792085103005,0.0326364458088836,0.6812409812409812,0.8525641025641025
E3,39,تم التحصيل مرتين,53.0,0.8605596747189668,0.00960289878014101,0.8147509578544061,0.9119496855345912
E3,40,تم تحصيل رسوم الدفع بالبطاقة,62.0,0.7649756456208069,0.022242913640467578,0.790467522836822,0.7419354838709676
E3,41,تم رفض الدفع بالبطاقة,40.0,0.612448064502859,0.06489702141617316,0.6479138588177326,0.5833333333333334
E3,42,توقيت التحويل,40.0,0.7046931904074761,0.02504943880178694,0.6074926943308007,0.8416666666666667
E3,43,حد السن,45.0,0.8970897615708274,0.019750059357646847,0.8640488110137672,0.9333333333333332
E3,44,حدود البطاقة التي يمكن التخلص منها,48.0,0.7780007236604058,0.06878040411523936,0.8157317382970369,0.75
E3,45,حدود التعبئة,53.0,0.8241354442520353,0.013189986664199647,0.8383784425451092,0.8113207547169812
E3,46,دعم أجهزة الصراف الآلي,41.0,0.8707577931394287,0.007207704369083592,0.8424895032315893,0.9024390243902439
E3,47,دعم البلد,40.0,0.9224973062983642,0.005989235717797166,0.9044942783314877,0.9416666666666668
E3,48,دعم العملات الورقية,45.0,0.6877661633759194,0.04377540835979176,0.7383592383592384,0.6444444444444445
E3,49,ربط البطاقة,54.0,0.8427922760224175,0.007465651668975112,0.812269401433058,0.8765432098765432
E3,50,رسوم إضافية على كشف الحساب,40.0,0.7326470588235293,0.017752138133320734,0.7358465608465609,0.7333333333333334
E3,51,رسوم السحب النقدي,43.0,0.6931450784037602,0.03140943063780449,0.7342670401493931,0.6589147286821705
E3,52,رسوم الصرف,44.0,0.6786786786786787,0.02080541510593251,0.8265232974910394,0.5757575757575758
E3,53,رفض التحويل,45.0,0.6214929214929215,0.07857150762552191,0.784367816091954,0.5185185185185185
E3,54,رفض السحب النقدي,47.0,0.7524739810454095,0.04011345924845183,0.7626193535906257,0.7446808510638299
E3,55,رمز التعريف الشخصي محظور,40.0,0.7271261169924316,0.024585207614281616,0.7864223631665492,0.6833333333333332
E3,56,سعر الصرف,40.0,0.8460139726289597,0.03491098364505866,0.8200777659950512,0.875
E3,57,سعر الصرف الخاطئ للدفع بالبطاقة,56.0,0.7938701538493819,0.012819531244080624,0.8221616585138598,0.7678571428571429
E3,58,سعر صرف خاطئ للسحب النقدي,42.0,0.7776921161254086,0.013833382607821026,0.8276037687802393,0.7380952380952381
E3,59,طلب استرداد,40.0,0.7878522582920565,0.03180011847624473,0.8412275912275913,0.7416666666666667
E3,60,طلب بطاقة فعلية,56.0,0.6825171528741788,0.056758952045512824,0.5950697067613283,0.8035714285714285
E3,61,عادت تعبئة الرصيد,42.0,0.633923197303479,0.028439344514302155,0.7276210379658655,0.5634920634920635
E3,62,عدم التلامس لا يعمل,47.0,0.8574798742950622,0.051362839771674405,0.9573593073593073,0.7801418439716312
E3,63,غير قادر على التحقق من الهوية,41.0,0.7406645569620253,0.046690086189400626,0.846955739404252,0.6747967479674797
E3,64,فشل التحويل,57.0,0.6028404344193817,0.03981519400797062,0.7780214424951266,0.5029239766081871
E3,65,فشل التعبئة,48.0,0.6334873274291056,0.04332416715939121,0.7485838779956427,0.5555555555555556
E3,66,في انتظار التعبئة,65.0,0.6588726526807709,0.034838080412309465,0.5666714868729715,0.7897435897435897
E3,67,في انتظار السحب النقدي,70.0,0.8181937756899589,0.03154234389773782,0.8976072197383672,0.7523809523809524
E3,68,فيزا أو ماستر كارد,41.0,0.8617056461138674,0.012779988049755199,0.8387445887445888,0.8861788617886179
E3,69,قبول البطاقة,40.0,0.7451754385964913,0.06933016142684102,0.7583333333333333,0.7333333333333334
E3,70,لم يتم تحديث الرصيد بعد التحويل المصرفي,48.0,0.634281021345556,0.006669148625954942,0.5939594356261023,0.6805555555555555
E3,71,لم يتم تحديث الرصيد بعد الشيك أو الإيداع النقدي,40.0,0.7490692930451966,0.05365060592455531,0.8157784237726098,0.7000000000000001
E3,72,لم يستلم المستلم التحويل,46.0,0.6213530166340715,0.04915306840671105,0.5059313725490197,0.8115942028985508
E3,73,لماذا التحقق من الهوية,41.0,0.6759077364529302,0.057336711132978564,0.6318029305834184,0.7398373983739838
E3,74,نسيان رمز المرور,40.0,0.8306235349273324,0.045916146407032454,0.887026862026862,0.7833333333333333
E3,75,نقل إلى الحساب,59.0,0.756872835065281,0.023745943983921266,0.6777301042461225,0.8587570621468927
E3,76,وصول البطاقة,41.0,0.6262701982342161,0.0350826130141413,0.49900556293998916,0.8455284552845529
EB,0,آبل باي أو جوجل باي,42.0,0.8692862870890137,0.016981962228568483,0.8434343434343434,0.8968253968253969
EB,1,إرجاع الدفع بالبطاقة؟,46.0,0.6364697391483658,0.044645478192435376,0.555425601039636,0.7536231884057972
EB,2,إعادة الشحن عن طريق رسوم التحويل المصرفي,53.0,0.668039468039468,0.07414080686122174,0.6473054456378368,0.6918238993710691
EB,3,إلغاء التحويل,40.0,0.8535505658999636,0.030860766597420135,0.8207364341085271,0.8916666666666666
EB,4,ابتلاع البطاقة,40.0,0.6895019517161499,0.015128037705315072,0.8277294191272686,0.5916666666666667
EB,5,استرداد الأموال غير مرئي,40.0,0.7127818347330542,0.01498260853827745,0.7381078557549147,0.6916666666666668
EB,6,البطاقات والعملات المدعومة,43.0,0.7178684632076436,0.058568968667972815,0.6942799364437383,0.7441860465116279
EB,7,البطاقة الافتراضية لا تعمل,44.0,0.5352299159062444,0.07620953041216676,0.7568918918918919,0.4318181818181818
EB,8,البطاقة المفقودة أو المسروقة,53.0,0.636925454902983,0.019724362469125317,0.7746694062483536,0.5408805031446541
EB,9,البطاقة لا تعمل,40.0,0.6988378684807256,0.02817801060256921,0.5933908045977011,0.85
EB,10,التحقق من مصدر الأموال,48.0,0.8702495974235105,0.023788387497122532,0.9038600288600289,0.8402777777777777
EB,11,التعبئة عن طريق البطاقة,48.0,0.4444444444444444,0.09622504486493763,0.5216049382716049,0.3958333333333333
EB,12,التعبئة عن طريق شحن البطاقة,42.0,0.806297253325677,0.014013537797085614,0.8207070707070706,0.7936507936507936
EB,13,الحصول على بطاقة احتياطية,40.0,0.7153491669620702,0.06657050582702122,0.6193476782070101,0.85
EB,14,الحصول على بطاقة افتراضية,46.0,0.6631528381948707,0.04445580341516354,0.6071872571872572,0.7318840579710145
EB,15,الحصول على بطاقة افتراضية يمكن التخلص منها,54.0,0.44160225739173103,0.09008098732441375,0.6709001782531194,0.3333333333333333
EB,16,الحصول على بطاقة فعلية,40.0,0.8101049442821595,0.022092733328802582,0.8206477732793522,0.7999999999999999
EB,17,الدفع المباشر للدين غير معروف,51.0,0.6999196263712393,0.05668341464640716,0.7385204081632653,0.6666666666666666
EB,18,الدفع بالبطاقة المعلق,53.0,0.6906970098459461,0.020819094860045646,0.7970564528166703,0.610062893081761
EB,19,الدفع بالبطاقة غير معترف به,40.0,0.5459836645443437,0.05221011614524532,0.6289042498719918,0.4833333333333334
EB,20,السحب النقدي غير معترف به,41.0,0.7191268400887276,0.02819623550336619,0.6623839380546134,0.7886178861788619
EB,21,الصرف عبر التطبيق,40.0,0.7607723577235772,0.04795154413540055,0.7742063492063492,0.75
EB,22,المستفيد غير مسموح به,51.0,0.6748081659237548,0.038749089171148415,0.6523678076309655,0.6993464052287582
EB,23,الهاتف المفقود أو المسروق,41.0,0.8079938802830369,0.012120827598004067,0.7953119232189,0.8211382113821138
EB,24,انتظار التحويل,42.0,0.6034633183550077,0.06249852648719703,0.6771640574886012,0.5476190476190476
EB,25,انهاء حساب,67.0,0.8337605683897481,0.026588791409119045,0.8424905831374437,0.8258706467661692
EB,26,بطاقة على وشك الانتهاء,42.0,0.8023253507858595,0.08971259823953447,0.8288952525152782,0.7777777777777777
EB,27,بطاقة مخترقة,40.0,0.5837200837200838,0.034152414168307714,0.6340421303656597,0.5416666666666666
EB,28,تحرير التفاصيل الشخصية,45.0,0.8731418600264101,0.012105171988605444,0.8322875816993465,0.9185185185185185
EB,29,تحصيل رسوم التحويل,40.0,0.6540383551539738,0.038234647134410875,0.607673364854216,0.7083333333333334
EB,30,تحقق من تعبئة الرصيد,44.0,0.8868419002287812,0.020690742488460877,0.9482212982212982,0.8333333333333334
EB,31,تحقق من هويتي,40.0,0.7704269049391909,0.018175005062069732,0.7906517094017094,0.7583333333333333
EB,32,تعبئة الرصيد نقدًا أو بشيك,62.0,0.6976763694320947,0.07537234903526253,0.6941027119016249,0.7043010752688171
EB,33,تعبئة تلقائية,61.0,0.8171082172326228,0.023584402942431616,0.8242860088668934,0.814207650273224
EB,34,تغيير رمز التعريف الشخصي,50.0,0.8926832760595648,0.03368936532805068,0.9279987665741598,0.86
EB,35,تفعيل بطاقتي,44.0,0.6885050625372244,0.028087733466471927,0.8947126436781608,0.5606060606060606
EB,36,تقدير تسليم البطاقة,42.0,0.6930905010573563,0.06087582841971175,0.6615583383025243,0.7301587301587302
EB,37,تلقي الأموال,53.0,0.7910217630725797,0.04666583743118455,0.7131265819790409,0.8930817610062892
EB,38,تلقي مبلغ خاطئ من النقد,52.0,0.7857860810663171,0.021491660310182795,0.7550760019442357,0.8205128205128206
EB,39,تم التحصيل مرتين,53.0,0.8719581829190713,0.02352380866816839,0.8306126701861629,0.9182389937106917
EB,40,تم تحصيل رسوم الدفع بالبطاقة,62.0,0.7407451785918066,0.014188852134343847,0.7487619298940054,0.7365591397849464
EB,41,تم رفض الدفع بالبطاقة,40.0,0.6078403164898399,0.016233734874383655,0.7484639678438127,0.5333333333333333
EB,42,توقيت التحويل,40.0,0.683346313603323,0.027301877400939235,0.5729388770433547,0.85
EB,43,حد السن,45.0,0.8859233749461902,0.04697339684754176,0.8457446808510638,0.9333333333333332
EB,44,حدود البطاقة التي يمكن التخلص منها,48.0,0.8010870510580924,0.03200019782331292,0.8144851436509564,0.7916666666666666
EB,45,حدود التعبئة,53.0,0.8118283648600556,0.021495730783684792,0.8406726825266612,0.7861635220125787
EB,46,دعم أجهزة الصراف الآلي,41.0,0.8558526440879382,0.019809635219592434,0.8211244058596855,0.894308943089431
EB,47,دعم البلد,40.0,0.9149685160394664,0.0012022763303071355,0.8899602949517869,0.9416666666666668
EB,48,دعم العملات الورقية,45.0,0.6906803542673107,0.004361364010110806,0.6722662587493625,0.7111111111111111
EB,49,ربط البطاقة,54.0,0.7840026329378252,0.017475534256839603,0.727684260286924,0.8580246913580246
EB,50,رسوم إضافية على كشف الحساب,40.0,0.7130081300813007,0.01660209581842452,0.7015873015873016,0.725
EB,51,رسوم السحب النقدي,43.0,0.7141987829614603,0.033948249668564155,0.7334932334932335,0.6976744186046512
EB,52,رسوم الصرف,44.0,0.7019088319088319,0.013902053808869642,0.8516987440137346,0.5984848484848485
EB,53,رفض التحويل,45.0,0.6357113206428274,0.08426906271038702,0.8556547619047619,0.5111111111111111
EB,54,رفض السحب النقدي,47.0,0.7591471078913088,0.03208513090820779,0.7461844666944791,0.7730496453900709
EB,55,رمز التعريف الشخصي محظور,40.0,0.7677612725796567,0.01915606619098345,0.8293616196842004,0.7166666666666667
EB,56,سعر الصرف,40.0,0.8510170037988701,0.013589358338852341,0.8228944968075403,0.8833333333333333
EB,57,سعر الصرف الخاطئ للدفع بالبطاقة,56.0,0.7814898727671314,0.014973277777972414,0.8090469806156081,0.7559523809523809
EB,58,سعر صرف خاطئ للسحب النقدي,42.0,0.7758827517863662,0.02116533186386869,0.8301974448315912,0.7301587301587302
EB,59,طلب استرداد,40.0,0.7777474078361596,0.024304894690733766,0.8752341968067775,0.7000000000000001
EB,60,طلب بطاقة فعلية,56.0,0.6980800082802877,0.04018516313581845,0.6780852994555353,0.7202380952380952
EB,61,عادت تعبئة الرصيد,42.0,0.6005027652086475,0.011019163699686776,0.6250396663493358,0.5793650793650794
EB,62,عدم التلامس لا يعمل,47.0,0.8598852965273839,0.027852516398924294,0.9509214299911974,0.7872340425531915
EB,63,غير قادر على التحقق من الهوية,41.0,0.7899879818351828,0.029357098519363554,0.8365079365079365,0.7560975609756099
EB,64,فشل التحويل,57.0,0.6459516796409285,0.01845431119461986,0.7832395247029393,0.5497076023391813
EB,65,فشل التعبئة,48.0,0.5928882308071971,0.02446689758718841,0.7021469521469522,0.5208333333333334
EB,66,في انتظار التعبئة,65.0,0.6697463610215287,0.01283224253842541,0.5844034242910646,0.7846153846153846
EB,67,في انتظار السحب النقدي,70.0,0.8051737735948262,0.020156725907388196,0.8598993002218808,0.7571428571428571
EB,68,فيزا أو ماستر كارد,41.0,0.849955495364278,0.03985000513317402,0.8202272779030312,0.8861788617886179
EB,69,قبول البطاقة,40.0,0.7678992543783596,0.030791961504467603,0.7991258741258741,0.7416666666666667
EB,70,لم يتم تحديث الرصيد بعد التحويل المصرفي,48.0,0.6247668127335292,0.06708874434447964,0.5482262121606384,0.7361111111111112
EB,71,لم يتم تحديث الرصيد بعد الشيك أو الإيداع النقدي,40.0,0.7467500298946002,0.019514434160417184,0.7702804018593493,0.725
EB,72,لم يستلم المستلم التحويل,46.0,0.6512796092796093,0.06709134963661403,0.5620877074871703,0.782608695652174
EB,73,لماذا التحقق من الهوية,41.0,0.6968804391484804,0.019809355276836072,0.6478000556947925,0.7723577235772358
EB,74,نسيان رمز المرور,40.0,0.8597268487674884,0.009253840372312186,0.8794871794871795,0.8416666666666667
EB,75,نقل إلى الحساب,59.0,0.7637174888823622,0.028429886529634903,0.6953096355913257,0.847457627118644
EB,76,وصول البطاقة,41.0,0.629486144740382,0.03673170690023234,0.5173295454545453,0.8130081300813008
